Artist,Title,Album
Space Cat & Prastix,Transform (Flow Theory Remix),
Electric Universe,Himalaya Remix,
Solarix & Mercuroid,Labyrinth of Thought,
Deliriant,Echoes in the Infinite,
Sabretooth,Synaptic Surge,
Dual Vision & Razzle Dazzle,Psychedelic Reaction,
Other Dimension,Outside The Universe,
Complicated,The Future Awaits,
Mercuroid and Morsei,The Choice,
Out Of Range,A Matter Of Time,
Mahaya & Out of Silence,Between Giants (DoubKore Remix),
Mirok,Alien Technology,
MoRsei,Atmosphere,
Biological & Anacreon,One Giant Consciousness,
Cosmic Sidekick,Beyond the Atmosphere,
Middle Mode,Alchemist (Inner Lux rmx),
SETI Project,Reality,
SETI Project,Mescaline,
SETI Project,Forty Two,
SETI Project,Magnetar,
SETI Project,Driven To Madness,
SETI Project,Fear And Loathing,
SETI Project,Mutagene,
SETI Project,Boom Shankar,
Dennyck,portal of madness,
Magik & Faders,Virtual Ritual (Ajja rmx),
Astral Projection,Searching For UFOs (Alienatic rmx),
Amstex,Desert Twilight (Part 2),
N-kore,Steroid,
Render & Kabayun & Radikal Moodz & Daksinamurti,Perpetual,
Jumpstreet & Art Materials,Rave Psalm,
Outside The Universe,Alternate Minds,
AFe & Synapsiz,Breach the Universe,
Mandala,See The Wonder,
Outsiders & NoFace,Fuse Our Mind,
"Liftshift, & Alienatic",I Am So High,
Lucid Spirit,The Shamans Way,
Audiosonic,Star Trip,
Transient Disorder & Spiritual Mode,True Hallucination (Aktyum rmx),
X-Side,Electric Nature,
Aloom,Midare,
Audiosonic,The world is changed,
Jumpstreet & Siloka,Overmotivated,
Electric Universe,Life on Mars,
"Spinal Fusion, Spectra Sonics",Rising Sun,
Ovnimoon & Via Axis & iTom Lab,Galactic Mantra (Psymon rmx),
Fiction(RS),World Domination,
Dial and Avan7,Bambar,
Protoculture,Out Of Reality (Spirit Architect Remix),
Psiger & Lucid Spirit,Center Of The Universe,
Disorder,Afterlife,
Xerox,Inspace,
West Galaxy,Ancestral,
Relativ & Fiction,Destruction Activate,
The Alchemists,Brain Absorption,
Humanoids,Genetic Prototype (Album Mix),
Artifex,Moonwave,
Xerox,Fire,
Aural Vision,Holographic Information,
Spectree & Kosmun,Binary Genesis,
Transient Disorder & Mahaya,Parallel Existence,
Mandala,The Muse,
Psiger & Cosmic Sidekick,Hyperdimensional Geometry,
X-side & Morsei,Spiritual Substance,
DoubKore & Hardynez,Gaia's Awakening,
Outside Range,Species,
Ovnimoon,Dreamer,
Relativ & MoRsei,Awakened,
Enrico Sangiuliano,The Techno Code(Avalon & Tristan rmx),
Spectra Sonics Feat Dj Anny,Hakoasobi,
Psychotria & Upsight,Music Speaks,
X-Side,Element Space,
Fiction & Prohecht & i-460,The Substance,
A-Tech & Transient Disorder,Secret Valley,
X-Side,Future Geometries,
Ital & Amplify,The Catalyst,
Avalon & Faders,Afterlife,
Avalon,Revolution (NoFace rmx),
Enigma & Overdrive,Space Program,
Magik,Moonlight Kite (GMS rmx),
Akasha & Audiosonic,Don't Lose Your Head,
Avan7 & Spectra Sonics,Far Future,
Killerwatts(Tristan & Avalon) & Alienatic,Freaky Family (GMS rmx),
Hydera,Message from the Future,
Unstable & X-Side,Brighter Future,
Acid Punks(Ace Ventura and Outsiders) & Fungus Funk,Fungus Punk,
Vini Vici & Giorgia Angiuli & Volcano On Mars,All One (Extended mix),
Transient Disorder & X-Side,What Are Psychedelics,
Magik,Buoyancy (Volcano rmx),
Etnica,Vimana (Acid Punks rmx),
Audiosonic & FNX,Turn On,
Spectra Sonics,Psychedelic Renaissance,
Akratas,Quantum Level,
Spectra Sonics & Xipe Totecs,Skittles Sours,
Tristan & Volcano On Mars,Real World,
Avan7,Digital Immortality,
Outside Range,Jungle Demon,
Djantrix,Shine,
Outsiders & Tristan,Force of Nature (Fungus Funk rmx),
Dial and Avan7,Bambare,
Acid Punks & Fungus Funk,Fungus Punk,
Burn In Noise & Tristan,Circles,
Rewind,Let's Go!,
Dickster & Chromatone & 0zzy,Bells Hells,
Galactic Explorers,Point Of No Return,
Transient Disorder & Spinal Fusion,Goa Mania,
Acid Sonic,Hypnosis (Galactic Explorers rmx),
Akratas,Bloom,
Outsiders & NoFace,Fuse Our Minds,
Mandelbrot & GMS & Sonic Species,Strange Attractions,
Erthran,Fragments of Life,
James west,Think Nothing (Jumpstreet rmx),
Close To Me,Sucker DJ,
SVĒR,Back To The Sound,
Odymel,Hot Stuff,
Ygnor,Nobody Likes Techno,
Odymel,This Type Of Beat,
Odymel,Touch My Body,
THISO,Bullet,
Neika,Donde Quiero,
Quantum Loop & Lexxus,Sacred Geometry,
Ueberrest,All you want,
Restricted & Nik Sitz,Tunnel Vision,
"DJSM, Samuel Moriero",EMERGENCY (Extended Mix),
Round165,SYNERGY,
Niotech X Isabelle Beaucamp,SlayQueen,
ØTJE,Throwing Hands,
Mr.Machine,Another Space,
I-460,Inori,
The Rocketman,Loca (Extended Mix),
Kø:lab,Fast Forward,
Xerox & Illumination,Night Shift (Spectra Sonics & Tsuyoshi Suzuki rmx),
Dickster,Wanna Party,
Dica,Innervision,
Kø:lab,Fucked Up,
Vibe Tribe & Spade,Supernatural (X-side rmx),
Mahaya & Dj Yagi,Mindfulness,
Spectra Sonics,Human Freedom,
Hydera,Deep Relaxation,
Enrico Sangiuliano,The Techno Code (Avalon & Tristan rmx),
Audiosonic & Akasha,Robots,
X-side & Cronick,Nebular Visions,
Aktyum & Spectrasonics,Cosmic Speed,
Rinkadink & Dj Hisa,Spin Ritual,
Mindplex,Manifest Mind,
Hyriderz & Sound Era,Shaman Spirit,
Mahaya,Society of illusion,
Astrix,Adventure Mode (Spectra Sonics Adventure rmx),
Hypnocoustics,Spinning in Space,
Liquid State,Regressive,
Lucid Spirit & Ital,The Spice,
Akratas,Bloom (Dacru Records),
Spectree,Change of perspective,
Quantum Loop & Lexxus (DE),Sacred Geometry,
Shyisma,The monster,
DigiCult,Soul Samadhi (DigiCult & MoRsei Remix),
Solitary Shell,Far Future Humans,
Morsei,Mind over Matter,
Killerwatts,The Flash,
Alienn,Happy Mind,
Mandala (UK),Completely Extraordinary (Original Mix),
Acid Punks,Path of Totality,
Avan7 & 3LMT,The World Of Adhana,
Alienn & X-side,Tree of Life,
Alienatic,Alienated,
Zazen,Flow Motion,
zZora,Cosmic Being,
Alienatic,Third Eye of Shiva,
Altera,Divine Echoes,
Spinal Fusion & Spectra Sonics,Rising Sun,
GMS & Dickster,Midnight in Paradise,
West Galaxy,Mantra,
Ajja & Jumpstreet,Lysurgical Precision,
GMS & Dickster,Euphorica,
Spectra Sonics,Breathe,
Spectra Sonics,Artificial Satellite,
Space Tribe & Faders,All Systems Go,
Liftshift & Circus Bent,Different PLanet (unreleased),
Sam Alien,Retreat,
Electric Universe & Mad Tribe,"Party Planners, Pt. 2",
Volcano,Our Thought (Outside The Universe rmx),
Mercuroid & Misaya,Somnium,
Xandar,equivocal,
DoubKore,Ritual Madness (Mahaya rmx),
DNBN,Extrasensory,
Alienatic,The Past & the Future,
James West & Hyde Music,Cosmic Force,
Quantum & Electric Machine,Alien Encounter,
Spinning In Space,Hypnocoustics,
Main Ape & Amplify,Forcefields,
MoRsei,Jungle Vision (West Galaxy Remix),
Spectra Sonics,Blind Attack,
Cyrus the Virus & Mercuroid,Magic,
Kodra & Flyingfreak,Wisdom,
Avan7 & Br1sa,Free Soul,
Imagine Mars,The Becoming,
Spectra Sonics & Mirok,Modulation Depth,
Spirit Architect,Interstellar Intervention,
Volcano & Xerox,Supernova,
Lyktum & Synthetic System,Underground Jackpot,
Releasse,Spiritual Journeys,
Shivatree & Spinal Fusion,Bring It On,
"Shivatree, Starlab (IN)",In the Jungle,
Dickster & Uni,When Are We,
Tristan,Triptamine,
UNI,Voice Of The Universe,
Activating Evolution,Conscious State,
Outside The Universe,Deck Wizards,
Mahaya,Mahal (DoubKore rmx),
DigiCult & West Galaxy,Replicant,
Cronick,Ethical Material,
Electric Universe,Fractals,
Astrix & Tristan,Awake the Snake (Volcano on Mars rmx),
Cyrus & Mercuroid,Magic,
NoFace,Artifact,
Fiction (RS),Holographic Information,
X-side,Unexplained,
Mahaya,Agenda,
MoRsei,Your Moment,
Sabretooth,The Space Between Spaces,
Xandar,Hallucinate,
Enigma & Sonochrome,Wakanda,
Transient Disorder & Ajana,The Awakening,
"Chronica, Upsight",The Code of the Infinite,
Mindbenderz,Paradox,
Arkadia,Mindflow,
DoubKore & Afterlif3,We Are All Connected,
V Society,Interlinked,
Mandala (UK),The Muse,
"Zen Mechanics, Audiotec",Telemetry (Inner Sphere rmx),
"Zyce, Sonic Species, Flegma",High On Life,
IKØN,Daydream (Hidden Space rmx),
Zen Mechanics & Yestermorrow,Escape the Simulation [,
SpaceNoiZe & Vertical Mode,Psychological Biological,
Astrix,Sapana (album version),
Xandar,Prison in Your Mind,
Divination & Misaya,Caper Town rmx,
James West,Pure Alchemy,
Valar (UK),Waking Up,
Britti,Everything Is Energy,
Artificials,Faces,
Xandar,Before Dawn,
Altered State,Dark Arts,
Side Effects,Particles,
System Nipel,Zero Gravity,
Avalon,Revolution,
Interium,The Other Side (2020 rmx),
Alpha Portal,Full Throttle (GMS rmx),
Spiritual Mode & Doxa (FR),World Of Symbols,
Avalon,Revolution (NoFace Remix),
Tabula Rasa (Psy),Subconscious,
Magik (UK),Moonlight Kite (GMS rmx),
StarLab,Seekers of the Eternal,
Xerox & Illumination,Night Shift (Spectra Sonics & Tsuyoshi Suzuki rmx],
"Giorgia Angiuli, Vini Vici, Volcano On Mars",All One Extended Mix,
Volcano On Mars,Dream in Colours,
Imagine Mars & Electric Universe,Harmonic Nature,
Relativ & Lunatica,Echoes from the Future,
Giorgia angiuli,lux,
Mahaya & Sartor,Final Destination,
Artifex (IL),Moonwave,
James West,Galactic Geometry,
Aural Vision,Eternal Moment,
James west,Liquid Silver,
Mahaya & Sartor,Valley of men,
Majide,Play of Lero Lero (Spectra Sonics rmx),
"Akasha (BR), Audiosonic",Don't Lose Your Head,
James west,Blur The Lines,
Illumination & Endeavour,Nero Pulso,
Protonica,Reactor (One Function Remix),
Aion,Travellers,
Xandar,Quantum Leap,
Xandar & Doppler (MX),Birth of a New Soul,
Yestermorrow & Audiotec,Stellar Species (Genesia rmx),
"Ace Ventura, Volcano",S1Mulat1On Nat1On,
Xandar,Whispers from the Void,
Formula None,Collective,
Ace Ventura & Astrix,Valley of Stevie,
Shanti V Deedrah & GMS,Flux Capacitor,
"Space Cat, Kido","Kreak, Pt. II (Outsiders rmx)",
"Xerox, Illumination",Night Shift (Spectra Sonics & Tsuyoshi Suzuki rmx),
Xerox & Illumination,Retrodelic (Imaginarium & V-Society rmx),
Avalon & Sonic Species,Back To Reality (DigiCult rmx),
Astrix & Krunch,Antiwar (NoFace rmx),
Alienatic & Ital,Flying Saucers,
MoRsei & West Galaxy,Beyond the Mind,
Morsei,From Earth,
Spectra Sonics,Speculation,
"Fiction (RS) & Cylon, Fiction (RS), Cylon",Emission Lines,
M-Theory,Breakthrough,
"Volcano, Xerox",Supernova,
Azax & Cosmichaos,Drifting Away,
Kudo,Become a Dream,
X-side & Cronick,Time And Space,
Imaginarium,The Sleeper,
Liftshift,Ultimate High,
Melicia,Illusion Quest (Fiction rmx),
Xerox & Illumination,3D (Unstable rmx),
Ital & Alienatic,Aliens From Other Space,
Laughing Buddha,Rapture,
Vibe Tribe & Spade,Supernatural ( X-side rmx),
Mercuroid,Satinka (Misaya rmx),
Interium,Corridor,
Mercuroid,Our Mind,
Space Cat,Acid Gate,
Xerox & Illumination,No Way Out (Ilai rmx),
Sonic Species & Mr Percullar,Unleash The Beat (Antinomy rmx),
Hyriderz,Among the Stars,
"Sonic Species, Volcano, X-NoiZe",Future DMT,
Cosmic Tone,Wake Us Up,
Sam Alien,Fly Away,
Arkadia,Timeless,
Ticon,Models on Cocaine (Animato & Volcano On Mars rmx),
Faders,Core,
Faders,Hive,
Artifex,Secrets of the Universe,
Astrix,Sapana (Avalon rmx),
Biological & Overhead,Out of Control,
Symbolic,Insidious (Electric Universe rmx),
Main Ape & Amplify (MX),Forcefields,
N-Kore & XoXo,Eternals,
GMS & Dickster,Acid Quest,
Fiction & Cylon,Emission Lines,
Electric Universe,Dragonfly,
Astrix,Tweaky (Volcano Remix),
Electric Universe,Psychedelix (NoFace Remix),
Hinap,Lost Dance,
Render & Shekinah,Playground,
West Galaxy,What Is Real,
Electric Universe,Om,
Electric Universe & Faders,Calling for Peace,
ESP,Wormhole,
Space Tribe,Awake,
Zeridium & Transient Disorder,Manipulation Of Time,
Space Cat & KIDO,"Kreak, Pt. II (Outsiders Remix)",
Hypnoise,Space Time Singularity,
Mercuroid,Antonym,
"Xerox, Volcano, Imagine Mars",Flying Saucers,
Lunatica,Eternal Distopia,
Liquid Soul & Electric Universe,Liquid Universe (Volcano rmx),
Kudo,Bungee (IL),
Sonic Species & Volcano,What Is Life,
Faders,Amana,
Avalon & Flegma,Tribal Ritual,
Improvement,Space Exploration,
Relativ & V-Society,Golden Age,
Avalon & Volcano & Imagine Mars,Molecules,
"Imagine Mars, Outside The Universe",Challenge to Restore,
Outsiders & Xerox,Simulation Of Madness,
Xerox,Piece Of Mind,
Volcano,Genetic Algorithm (Spectra Sonics rmx),
Volcano,I Am Energy,
Starlab & Mono Sapiens,Inside The Atom,
Faders,Imagine,
M-Theory,Smart AI,
Lunatica,Psytopian Realms,
Electric Universe & Raja Ram,Gateway,
Ticon,Models on Cocaine (Animato & Volcano On Mars rmx,
Shock Therapy,Imagination,
Starlab (IN),Earthlight (Amplify rmx),
Mekkanikka & Avan7,Thundara,
Hypnocoustics & Mandala (UK),Howling Totem,
James West,All at Once,
MoRsei,Creation Of Life,
Mahaya & Orisma,Computer Technology,
Circuit Breakers,Into the Singularity (Volcano On Mars rmx),
Ovnimoon,Process of Life (Spectra Sonics & Dominant Space rmx),
Transient Disorder & Mono Sapiens,Synthetic Life,
Atmos,The Only Process (Protonica Remix),
"Xerox, Illumination, Chakra",7 Days (Xerox Edit),
Astrix,Sapana (Avalon  rmx),
Burn in Noise Vs Starlab,The Dogon,
Imagine Mars,Sacred Space,
Faders & Relativ,Ground Zero,
Cymatic & NoFace,Valley Of Dreams,
Astral Projection,Let There Be Light (Atomic Pulse rmx),
Space Cat & Kido,Kreak (Space Cat & Kido Rmx),
Protonica,Exoplanet (Zen Mechanics rmx),
Doppler,A Day to Just Be,
Mindbenderz,Celestial Gateway,
Kalki,Phoenix,
Numayma,Unidentified,
Doppler[MX] & Dual Vision,Shut Your Eyes,
Audiotec,Alien Dreams (IKØN rmx),
Silent Sphere,Dance with Me,
silent sphere,peacemaker,
Daniel Lesden & Tim Bourne,Constellations,
Stryker And Starlab,Ilbechin,
Liquid Soul,Revolution (Inner Sphere rmx),
IKØN & Kalki,First Contact,
"Space Cat, X-NoiZe, SpaceNoiZe",State of Mind,
Sonic Species & Divination,Liquid Connective,
Greg Downey,Warehouse (Ilai Extended rmx),
Shanti V Deedrah,Here to Eternity,
Cambium,Infinity,
Atmos,The Only Process (Protonica rmx),
Space Cat,Loops of Insanity,
Burn In Noise & Alpha Portal,Edge of Sanity (StarLab rmx),
Electric Universe,Mongolia,
Electric Universe,Mantra (Volcano On Mars rmx),
Relativ & Makida,Panthers,
Faders,Unite,
Mad Maxx & Avalon,Heaven Eleven,
Faders,Guarani,
Relativ,Ghost In The Shell (V Society rmx),
vnimoon,Process of Life (Spectra Sonics & Dominant Space rmx),
Spirit Architect,Tunnel (Out Of Range rmx),
Volcano,Time Is Illusion,
Antinomy,Imagination (Kalki rmx),
Relativ & Neuroplasm,Moon Ritual,
Talamasca,Time Simulation (Zyce Vs Flegma rmx),
"Space Cat, NO SPOON",Verify You Are Not a Robot,
Outside The Universe & Laughing Buddha,Outside The Box,
Alienatic,Artificial Selection,
Brainless,Astronomical Unit,
Polaris (FR),Icarus,
Render & Everblast (Earthling & Chromatone),The K Council,
Magik & Alpha Portal,Magic Portal (Electric Universe rmx),
Beyond,Blast From The Past,
Djantrix & Spirit Architect,Hallucinogenic Battle,
Aloom,Inner Call,
Electric Universe,Millenia (Faders & Spectra Sonics rmx),
Laughing Buddha & Regan,Follow Your Passion,
lumination & Endeavour,Nero Pulso,
Enigma (PSY),Fragments,
Hinap,Orbit,
Uni & Tsuyoshi Suzuki,Satisfaction,
Cambium,Artemisia Mutellina,
"Electric Universe, Imagine Mars",Harmonic Nature,
Mandala,Be The Sky,
Divination,Caper Town (Divination & Misaya rmx),
Britti,Dream On,
Mindbenderz,Human Form,
Astrix & Ritmo,Ziran (Antinomy rmx),
Avalon & Burn in Noise,Time & Space (Lifeforms & Kali rmx),
"Imagine Mars, Sonic Species",Fly Machine,
MoRsei & IKØN,Time Guru,
Chronosphere,Fearless Mind,
Hypnoise,Unified Field,
Mad Maxx & Stryker,Guided Meditation,
Psiger,Trust Your Senses,
Interium,Odyssey,
Cambium,Abstract Beauty,
Stryker & Arkadia,Dance To My Beat,
"Avalon, Starlab (IN)",History of Gods,
Symbolic & Electric Universe,Science & Spirit (Transient Disorder rmx),
Ilai & Spectra_Sonic,Chemical Potential,
MoRsei & West Galaxy,Fear,
Arkadia,One Reason,
Tropical Bleyage,Mala (DigiCult rmx),
Ovnimoon,Tranceport (Souls Map rmx),
Serenity Flux,Visionary,
Reborn,Abadi,
StarLab,Mission Simulator,
One Function,Back to My Roots (Hinap rmx),
Animato & Outsiders,Elastic Sunrise,
Burn in Noise & Vertical,Brimstone,
Osher,Cosmic Universe,
Hypnocoustics & Journey,Kinesiooptic,
Simon Patterson,Assassin (Extended Mix),
Formula None,Tokyo on Acid,
Sabretooth,Quantum Collapse,
NitroDrop,Become One,
Mindbenderz,The Visit,
Ace Ventura & Zen Mechanics,Come with Us (Asgard rmx),
Jaia & Wizzy Noise,Crystal Noise (Zyce Vs Flegma rmx),
Mindbenderz,Altered Beings,
Altered State,New Element,
Doppler & Releasse,Beyond The Senses,
Sonic Species,Smashing The Veil,
Faders,Flying Objects,
Outsiders,Completly Different (Djantrix & Spirit Architect rmx),
Interium,Other Side (2020 rmx),
Hypnocoustics,Orange Sunshine,
Hydera,Sun,
Hypnocoustics,Freaks in High Places,
Spirit Architect,South Wind,
Djantrix & Spirit Architect,Shadows,
Mekkanikka & FNX,Breaking Mad,
Liftshift & Patchbay,Presence (unreleased),
Liftshift & PAtchbay,Space Oddity  (unreleased),
Liftshift,Ultimate High  (unreleased),
Liftshift,Motherfunker (unreleased),
Liftshift & Dust,Aslam Aleikum (unreleased),
Liftshift & Dust,Slaves,
Liftshift & Fungus Funk,Kush Tea,
Liftshift,Whirlwind (unreleased),
Liftshift & Dsompa,Active meditation,
Liftshift & Endeavour,Apex (unreleased),
Shock Therapy,Rock The Boat,
Micrograms & Mandelbrot,Artificial Insanity,
Spiritual Mode & Doxa,World Of Symbols,
Audiosonic,Robots,
Sabretooth,Rotavator (Ailihphilia mix),
GMS & Legohead,The Beyond,
Djantrix & Modual,Not Even Close,
Fiction (RS) & Cylon,Emission Lines,
Relativ & Lunatica,Supracadabra,
Ancestral,Ancient,
Hypnocoustics & Hujaboy,All Living Beings,
Humanoids,Genetic Prototype,
Liftshift,Alien Birth,
Astral Projection & Outsiders,Universal Language,
Tristan,Empire Of The Sun,
Alienatic & Ital,Waste of Life,
"Volcano On Mars, Faders",Palm Groove,
Sentinel 7,Star Stuff,
"Avalon, Volcano, Imagine Mars",Molecules,
Rave Nine,Samsara,
"Xerox, Illumination",Retrodelic (Imaginarium & V-Society rmx),
Overdrive,Oracle One,
DigiCult,Lost In A Mental Universe (Transient Disorder rmx),
California Sunshine,Caterpillar,
Tristan,Sudden Realisation,
Coral,Goa Space,
Vertikka,It's Life,
Starlab & MoRsei,Afterlife,
Dominant Space & Dj Yoshiki,Positive Mind,
Audiotec,Blade Runner,
Ace Ventura & Zen Mechanics,Come with Us (Asgard rmx,
Alpha Portal,Acid Rain,
Sonic Species,Tokyo Sunrise (Transient Disorder rmx),
Bpm,Subatomic Particle,
The Alchemists,Chemical Substance,
Ilai,Cosmic Code,
Cosmic Tone,Travel in Space,
Faders,Paradise,
Space Travellers,Borealis,
Soundaholix,Get Loaded,
Improvement,Sacred Entities,
Humanoids,Shamanic Cube (Recoded Mix),
Mono Sapiens & One-Six,Free Spirit,
Mahaya,Psysical Reality,
Imaginarium,Wait For The Beep,
Burn In Noise & Imaginarium,Tiny Impulses,
Atacama,Dark Matter Galaxy,
Imaginarium,Awakened,
Freeze & Slapstick,Into The Light,
Improvement,Gaia,
Uni,Invisible Force,
Burn In Noise & Ajja & Undefined Behavior,Howling at the Moon,
"Electric Universe, Hujaboy",Arambolian Nights,
Ketale_& Mystika,Consciousness,
Mahaya,Mahal,
Altruism Vs Burn in Noise,We Found Peace,
Alurian,Soul of the World,
West Galaxy,Guzarish,
Dual Vision & Expedition,Intelligent Life,
Aladiah,Atmosphere,
Soundaholix,Where Am I,
Avalon & MAD MAXX,Are You Alive,
Transpose (CA),Introspective,
Ibojima & Bitkit,Sequence Unknown,
Burn in Noise & GMS,Burnin Scientists,
Volcano On Mars & Flegma,Changa Visions,
Symbolic & Antinomy,Human Heart,
Labrysinthe,Imagination,
Main Ape,Moryana,
Makida & Zetno,Cyber War,
Galactic Explorers,Extractor,
Relativ & Imaginarium,Sandman,
Amstex,6th Sense,
Enigma (PSY),Network,
Ephemeris,Checkpoint,
Nomad Aliens,Mage Bomb,
Inner Lux,Ghost Configuration,
Akratas,Change The Future,
Hypnocoustics & Mandala (UK),Floating Downstream,
Imagine Mars & Volcano,Collective Minds,
Electro Sun,Death Wish (DigiCult rmx - 2023 Remaster),
Solitary Shell,Fate & Destiny,
Photosynthesis,Teleported,
Shivatree,The Core,
Technology,Energy Portal,
Tristan,Lysergic Dimensions,
Siloka & Wubba Lubba,Fortune Cookies,
Imaginarium,The Creator,
Imaginarium,Spiral of Ayahuasca (Artifex rmx),
Mandala & Pogo,Inner Nutshell,
1200 Micrograms & Mandelbrot,Artificial Insanity,
Alienn,Dynamic,
Amplify & Akasha,Dream On,
M-Ark,Isolator,
The Creator,Architect,
One-Six,Switch on,
Ovnimoon & Sharmatix,When You Smile I Smile,
Djantrix,Poison (V Society rmx),
Mateo Potito feat. Puffer P & Jack The Jackal,Psychedelic Cruise Control,
Enigma,Parallel Universe,
Avan7 & Parascop,Inner World,
West Galaxy,Age of Stars,
Alpha Portal & Burn In Noise,Edge of Sanity (StarLab rmx),
GMS & Faders,Nomads,
Faders & Melicia Feat. Raja Ram,Oasis (Volcano On Mars rmx),
Psiger,Cosmic Lion,
V-Society,Interlinked,
Hypatia,Bidaya,
Hypatia,Deep Feeling,
Relativ & Morsei,Waves of Emotions,
Psiger,Utopia,
Xerox & Volcano & Imagine Mars,Flying Saucers,
Spirit Architect,Sounth Wind,
Mystika,Whispering (Serenity Flux rmx),
Solitary Shell,Dominion Shrine,
Hypnoise,Barefoot Groovers (The Alchemists rmx),
Relativ,Deep Sky,
Burn in Noise & Outsiders & Altruism,Consciousness,
Ovnimoon,Galactic Mantra (Killerwatts rmx),
IKØN,Time Guru (MoRsei rmx),
Gipsy Soul,Psychedelic Experience,
Artificials,Sequences,
Deedrah,Rogue System,
Astral Projection,Mahadeva (Faders rmx),
Shivatree,Awakening,
Misaya,Cosmic Space,
Reborn,Altered State,
Interium,Day & Night,
Clean Noise,Touching on Space,
Mahaya,Space Portal,
S-Range & Mechanix,The Human Experience (Nax & Sound Era rmx),
Sonic Entity & Ilai,Zaouli,
Clean Noise,Beginning of the Light,
Out of Range,Knowledge of Time (Reborn rmx),
Numayma,Deep Healing,
Hinap,Interstellar Space,
Sam Alien,Summer Raves,
Altered State,Hyperactive,
Life Extension & Echosphere,Cosmic Energy,
Out Of Silence,Depths of Subconscious,
Synthetic System & X-side,Control The Universe,
Alurian,Awake Dreaming,
Electric Universe,Psychedelic Traveller,
Inner Sphere,Supernova,
Sonic Species & Divination,Feels Like Home,
One Function & Polygrams,Kanantaba,
Solar Walker & Shayanic,Existence,
Out of Range,Voices,
E-Clip,Earths Call,
Akhenatonn,Space & Time Traveller,
Antinomy,Awake,
Clean Noise,What Your Heart Feels,
Transpose,Connections,
Reborn,Prediction,
IKØN,Moonbow,
Formula None,Whiplash,
Atacama & Jakaan,Complete Awakening,
IKØN,Quantum,
Ace Ventura & Vertical Mode,Space of Awareness,
Transpose (CA),The Healing,
Hinap,Parallel Realities,
Animato & Darwish,Yahe,
Clean Noise,Artificial Intelligence,
Soundaholix,Bionic Bush,
Formula None & Khromata,Gold Rush,
Sideform,Magnetic Field,
Bellatrix,The Truth,
Asgard,Eternal Valley,
One Function,Be Free,
Silent Sphere & Yestermorrow,Alien Technology (Hypnotic Edit),
Monod & Mind Frequency,Celestial,
Loud,Station 42 (Zen Mechanics rmx),
Transpose (CA),Senses,
Side Effects,Deep Dive (Atacama rmx),
Inner Sphere,Cygnus Rift,
Liquid Soul,Only in Dreams,
Shyisma,Meditation,
Sideform,Advanced Civilization,
Side Effects & Mobitex,African Spirit,
Sons Of Shiva,Nirvana Engine,
One Function,Deeper Awareness,
Kali,Typology (Lifeforms rmx),
Kalki,Maya,
Killerwatts feat. Waio,Wake Up (Symbolic rmx),
Formula None,From Within,
Ilai,Tale Of Trance ( Kalki rmx),
Astrix & Ace Ventura,Valley Of Stevie (Sonic Species rmx),
Invisible Reality,Psychedelic Quest,
Bellatrix,Sonic Lifeforms,
Flow Theory & Triex,Some Sort Of Something,
Ace Ventura & Vertical Mode,Deep Breath (Ticon rmx),
Sonic Entity,We Are from the Future,
Zentura,Light Mutations (Antinomy rmx),
Relativ,Synthetic Patterns,
Kaya Project,Breathe Again (IKØN rmx),
NOK,Thirteen Days,
Spectro Senses,Lucid Dreams,
E-Clip,Overload (Bellatrix rmx),
E-Clip,Fluid Motion,
Protonica,Reactor (Yestermorrow rmx),
Sonic Species,Dawn Till Dusk (Middle Mode rmx),
Mekkanikka,Magical Spirit,
Freq & Emok,States Of Consciousness,
Liquid Soul & Emok & Martin Vice,Elsewhere,
Symbolic,Evolution,
Daniel Lesden,Ignition,
StarLab,Innerspace,
Freqfield,Imago,
Orisma,The Truth (Solar Walker rmx),
Noga,Psychoactive,
Cortex & Blanx,On Fire,
Bitkit,Angels,
Ritmo,Distorted,
Zen Mechanics & Yestermorrow,Solarians,
IKØN,Moving On,
Liquid Ace,Let Go (IKØN rmx),
Euphorya,More Mystery,
Polygrams,Sacred,
Shyisma,Particles,
Fertile & Numayma,Everworld,
Allaby,Black Sands,
IKØN,Radio Earth,
Divination,Supernatural,
Zyce & Sonic Species,Interstellar,
Henix-R & Right Spirit,Planet Synergy,
Waveform,Magic Therapy,
Symphonix,Music Prostitute (re-design 2017),
Shogan,Human Psychedelic,
Zen Mechanics And Egorythmia,Shores Of The Subconscious,
Doppler,Codes of Life,
Ticon,Ether (album edit),
IKØN,Apollo,
Nok & Easy Riders,The Broken Man,
Ananda (AUT),So Free,
Silent Sphere,Tribe,
Liquid Soul & Kalki,I Am,
Ovnimoon,Inner Temple,
Genesia,Slices Of Existence,
Disconect & Second Life,Super Rare,
Shyisma,Neuroplasticity,
Sideform,Crystallized (Spectro Senses rmx),
ELeS Dyzer,Acid Rain,
Egorythmia,Anomaly,
Major7 & Vertical Mode,MajorMode,
Easy Riders,Rolling Stoned,
EgoRythmia,Eternal (rmx),
E-Clip,Streamline (Ilai rmx),
Zyce,Spirits (Inner Sphere rmx),
Silent Sphere,Inner Voice,
Zyce & Ticon,Planet of Zycon,
Ectima,Wrong Life,
IKØN,Perspective,
Darma  &  Numb,Armada,
Animato & Ticon,Last Resort (Unstable rmx),
Atomizers,Silence,
Vertical Mode,Twist Me Up (Lifeforms rmx),
Sonic Entity,Gravity Control,
Perfect Stranger,Momentum,
Side Effects,Drug Producer,
Echotek,Extraordinary Claims,
E-Clip,Artificial Intelligence (Manmachine rmx),
Shake & Twonezero,Legacy,
Ibojima & Atmos,Gap In Universe,
Neelix,Adaption (Captain Hook rmx),
Ambush & Mindsurfer,Nordic by Nature,
Ritmo & Gaudium,Keep It Minimal,
Chemical Content 1,Direct Mental Treatment,
Copycat,Another Place,
Foxmind,Ride the Wave,
Dominant Space vs Dj Yoshiki,Positive Mind,
Disorder & Imaginarium,Afterlife,
Mono Sapiens & One-Six,Empty Space,
Menog,Machine Men,
Acid,Sacred,
Dickster,Elastic Dreams (NoFace rmx),
"Killerwatts, Waio","Wake Up (Altruism, Burn In Noise, Outsiders rmx)",
Altered State,Supersonic,
Eliyahu (IL),Drive 'Til Dawn,
InnerPoint,Altered State,
Nomad Aliens,Hotspot,
Antinomy,Flames,
Menog,One Man's Show,
"Shanti V Deedrah, GMS",Flux Capacitor,
Eskimo,Can You Pick Me Up? (Beyond rmx),
Burn In Noise & Webra,Cosmic Traveller,
Avan7 & Ital & Parascop,Galactic Tribes,
Psiger & Cosmic Sidekick,MDMAstronaut,
Faders & Mental Broadcast,Psychedelic Theory,
Logic Bomb,The Grid (Virtual Light & Earthling rmx),
Improvement & Psychobass,Invisible Star,
Ephemeris,Aqua pura,
Transient Disorder,Endless Spiral,
zaid osta,nirvana,
Alurian,The Cosmogonic Cycle,
shock therapy,acid storys,
SUN,Chasing Horizons,
Ascent,Courage (Samas Original Mix),
Faders,Travel In Space,
Morning Star,Physical Description,
Mercuroid & MoRsei,The Choice,
Palusa & Alternate Side,Warp Technology,
Lunatica,Noctum,
Ephemeris,Stardust,
Avalon & Mad Maxx,Hall of Fame,
Gipsy Soul & Hinap,Default Mode Network,
Amstex,Desert Twilight ( Part 1 ),
Bitkit & Vertikka,Flower Of Life,
Neutro,Sacred Circle,
Biological & Anacreon,Find Your Self,
Amstex,The Story Of The World,
Lunatica & Hypatia,Melt in Knowledge,
Morsei & Vlex,Lucid Dream,
Aktyum & MoRsei,The Key,
Chromatone & Tron,Trip The Balance,
Sonochrome,Glitch In The Matrix,
Vertikka,The Sun,
1200 Micrograms,DMT(Volcano On Mars & Spacenoize rmx),
Avalon,Distant Futures (Spinal Fusion rmx),
Faders & Wilder,The Phoenix,
Mad Maxx,Edge of Time (Makida rmx),
Spiritual mode & Doxa,Ticket's please,
Misaya & Atromna,Shifting Awareness,
Biological & Anacreon,Last Dream,
Dazzer & Sinapsy,Without Fear,
PRO-Gram,Cumulus,
Enigma,Andromeda,
A-Tech,Dream Of Reality (Psiger rmx),
Djantrix,Divine Inspiration,
Braincell,Cosmic People,
Protonica,Discovery,
Synthologic,First Touch,
Soundaholix,Whoosh,
Avalon & Flegma,Astral,
One Function,Daydream,
Drukverdeler,Solid Shaker,
Mahaya,Dual Senses,
Spectra Sonics,No Light Theory (T4N Edit),
One-Six,Heal Our Mind,
OmTheory & Ital,Smiley Faces,
Makida,Outline,
Transient Disorder & Overdrive,The Watchers,
Burn in Noise,Weirder,
Volcano,Beyond the Atmosphere,
One-Six,What the Hell Is Going On,
"Avan7, Parascop",Inner World,
Altruism,Closer to Reality (Outsiders rmx),
Hypatia & Morsei,Timetwister,
Hypatia,Unique Melt,
Inside Mind,Antargyan,
Relativ,Gayatri,
Ephemeris & Cambium,Another Path,
MoRsei & IKØN,Time,
Astrix & DJ High Guy,Chaos (Astrix & Faders rmx),
Overdrive,In My Dreams,
Psiger,Mind control,
SuperModule & Sonic Species,Machines of The Stone Age,
Shivatree,Porcupine Tree,
DigiCult,Every Single Second (XoXo & T.I.T rmx),
Soundaholix,Salamander,
Ital & Acid Lips,Vortex Hypertrip,
Hypnocoustics & Colin Bennun,The Big Electron,
MoRsei & Unstable,Creation,
Geko & Labrysinthe,Release the Beast,
Shyisma & Neutro,Ancient System,
"Arkadia feat. Stryker, Yahel & I-Zen (Infected Mushroom)",Acid Bomb,
Burn in Noise & Outsiders &Altruism,Consciousness,
Labirinto & Earthspace,Technicolor Dreams (Makida rmx),
Menog,Taka Taka,
Eskimo,Can You Pick Me Up (Beyond rmx),
Oddwave & Cambium,Solid Experience,
XoXo & T.I.T,The New Mentalist,
NoFace & Solitary Shell,Time God,
Ajja & Burn In Noise,Image of Yourself (NoFace rmx),
Ilai,Floating Clouds,
Reborn & X-side,Digital Drops,
Eamo,Planet Beyonder,
Atacama,Holoride,
Cortex,Acidimension,
Cortex Vs Knock Out,Ethereal,
Zeridium & Cambium,Rave Reactor,
Plasmotek,Rebirth (D-ther rmx),
D-ther,Vibranium,
D-ther,Too Trippy,
Materia,Inside (D-ther remix),
D-ther vs Makolly,The music (unreleased),
D-ther vs Scorb,Ne Plus Ultra,
D-ther,Silence of the amps,
Dust,Quat Fois la l’une (D-ther remix),
D-ther,Shellshock,
D-ther,Dark Spells,
N-Kore,Rain And Ritual,
"Ovnimoon, Tristan, Avalon",Galactic Mantra (Killerwatts rmx),
Hypnoise,The Outside,
Akratas,From Here To Reality,
Chronosphere,Hyper Beam,
Acid Sonic,Hypnosis (Synapsiz rmx),
District Solaris,Forces of Nature,
Artifex,Orbital Stimulations,
Psiger,Mars Attacks,
Harmonic Rush,Escape,
Artifex,Future Culture,
Volcano On Mars & Raja Ram,Revolution (Burn In Noise rmx),
Psiger,The Color Of Time,
Cortex,The Third Hit,
Hallucinogen,"Astral Pancakes (Soundaholix, Domestic, Pixel rmx)",
Solitary Shell & Ephemeris,Maelstrom,
Galactic Explorers,Hype,
Zephirus Kane & Ital,You Have The Choice,
Out of Range,A 1000 Kisses,
Mahaya,Quantum Domain,
Sonic Species & Mr Peculiar,Unleash Infinity,
Cosmic Tone & Cosmic Flow,Jambo Spirit,
Djantrix & StarLab,Posthuman,
Xamanist,Timeless,
Ekahal,Uranus,
Redrosid,Infra.Red,
Soundaholix & Poli & Bushman,Indigenous,
"Dual Vision, Expedition",Intelligent Life,
Neo Shaman,Black Holes,
Transient Disorder,Origins,
Spectree & Chronica,Time-Lapse,
Neo Shaman,Pixels,
GMS & Jimbo,The Spice,
Akratas,Ten Thousand Plateaus,
XoXo & T.I.T,Summer Solstice,
Hypnocoustics,Stasis Interrupted,
Cambium,Chrysalis,
Cosmic Shake,Space Time,
Ingrained Instincts,Stellar Origins,
Kaleidor,Cymatic Frequencies,
Mechanimal & Pan,District Lines (Second Life rmx),
Altered State,Mind Magic,
Demosys,Revolution,
Atomic Pulse,Unknown Synths,
Burn in Noise Vs Webra,Cosmic Traveller,
Chronosphere,Strong Purpose,
Insomnia,Kill All The Bugs (Impulser rmx),
Arhetip,Eunoia,
Solarix,Divinity,
Altered State,Supernova,
Rave Nine,Battle of Gods,
Invisible Reality & Deep Vibration,Invisible Vibrations,
Flow Theory & Triex,Cosmic Sound Of Music,
Atomic Pulse,Are You Ready,
Indra,Circle of Life,
X-Side & Jano,Rising Psy,
Hypatia & Hypnoise,Show Your Flow,
XoXo & T.I.T,Risers On The Storm,
Hinap,Mapping the Universe,
Hypatia & Ital,Juniper,
Transient Disorder,Metaphysics,
Outsiders & Mandala,Forest of Reality,
Eskimo,Party Pooper (Outsiders rmx),
Arkadia,Moonwalk,
Mahaya,Apiron,
Neutro,Resixtrance,
Makida & Hyde,Psychedelic,
Nevalis,Enjoy The Moment,
Ikøn & MoRsei,Spiral of change,
Xenoben,DMT,
Stryker & Arkadia,Instinct,
Interium,Aeon,
Volcano & Xerox & Sonic Species,Bring The Noise,
Dual Vision & Mind & Matter,Solar Plexus,
The Digital Blonde,Noc2one (Jakaan rmx),
Avalon,Revolution (Laughing Buddha rmx),
Outsiders,Fizzbits (Hypnoise rmx),
Aktyum,Temple of Noise,
Imagine Mars & Akasha,Collective Vision,
Avalon & Mad Maxx,Explorers (Faders rmx),
Pragmatix & Paradigma,The Hidden One,
Rewind,Psycho Trip,
Afreeca,Weird Mind,
Everblast & Samadhi,Schwack Attack,
Atacama,Protostar,
Shivatree & Imaginarium & Spinal Fusion,Alien Civilization,
Chacruna,Rooted,
MoRsei,Portals,
Polaris (FR),Endless Journey,
Tron & Mirok,Asteroid belter,
Polaris (FR),Powehi Resurrection,
West Galaxy & Parasynthax,Elementry Particles,
Sonic Species,Strictly Virtual (MoRsei & V-Society rmx),
Hypnocoustics & Mandala (UK),Music Is The Heart,
Ovnimoon,Galactic Mantra (MoRsei rmx),
UNI &The Papuna & Dopamine,The Hunter Become Hunted,
Labirinto & Earthspace,Technicolor Dreams,
Killerwatts & 3 Of Life,Fractured (Laughing Buddha rmx),
2012 and Sinerider,Primordial Ohm,
V-Society & MoRsei,Quantum Leap,
"Volcano & Avalon,& Imagine Mars",Molecules,
Ying Yang Monks,Omega,
Spirit Architect,Freedom,
Solitary Shell,Sky fracture,
Hypnocoustics & Pogo,Betwixt & Between,
Xerox & Sandman,Faith Healers,
"Mekkanikka, Mad Maxx",Dangerous,
Highvoltz,Electric Essence,
Galactic Explorers,Missioner,
Djantrix & Lunatica,Calling Your Future,
Starlab,Neuralink,
Out of Range,Suffering With God,
Chronosphere,High Voltage,
Starlab,True Hallucination,
XoXo & T.I.T,Wonderland,
Polaris,Icarus,
Fiction,Holographic Information,
Introspect,Smiles,
NoFace & Starlab,Beings of Creation,
Tebra,Rod (Electric Universe rmx),
Electric Universe,Lakshmi,
Syxtra,A Shaman in a Digital World,
Spirit Architect,I See Future,
Space Cat & Kido,Kreak part II (Outsiders rmx),
Volcano,Hallucinations,
XoXo (FR) & T.I.T,The New Mentalist,
Reversed Logic,Secret of the Universe,
Spirit Architect,Universe,
Imaginarium & Burn in Noise,Mushrooms,
Inner Lux,Euryale,
Akratas,Pleiadian Hyperdrive,
Imaginarium,Voice from the Outer World,
Galactic Explorers,Modulated Reality,
Djantrix & Spirit Architect,Temple of Madness,
Djantrix,Freezing Question,
Avalon & Mad Maxx,Explorers,
Alienatic,Race of Robots,
Future Species,Form Of Illusion,
E-Mov & Chronosphere,Double Trip,
Electric Universe & Mad Tribe,Party Planners Pt. 2,
Alienatic,The Finding of the Truth,
Transient Disorder,Endless Spiral (West Galaxy rmx),
Space Tribe & Volcano,Teenage Kicks,
Spinal Fusion & Reversed Logic,Abracadabra (Synthaya rmx),
Xerox & Illumination,Marley on Acid (Spirit Architect rmx),
"Space Tribe, Stryker",Klunk Klik (GMS rmx),
A-Tech & Overdrive,Atomic Drive,
Atromna & Misaya,Abducted by Aliens,
A-Tech & Overdrive & Exolon,Ra,
Volcano,Power Effect,
Fiction (RS),The Quantum Domain,
Mad Tribe & Raja Ram,Instant Enlightenment,
Ketale,Safe Galaxy,
Ajja,Stardrive,
Burn In Noise & Vertical,Planetwide,
"Transient Disorder, Spinal Fusion",Strange Lights,
Spirit Architect,Revelation (West Galaxy rmx),
Volcano On Mars,Days in Sunlight (Earthspace rmx),
Lunatica,Cyber Flash,
Enigma (PSY),Unknown,
Avalon & Starlab,History of Gods,
Imaginarium & Shivatree,Kundalini,
Alienatic,The True Meaning of Life,
Astrix,Underbeat (Outside the Universe & Imagine Mars rmx),
Mad Maxx & Tron,Experimental,
Djantrix vs Middle Mode,Kerosene,
Ancestral Code,Fractal Dimension,
Tristan & Aardvarkk,Daws Of Perception (Volcano & Imagine Mars rmx),
"Hypnoise, Aktyum",Do you wanna Dance,
Volcano On Mars & Faders,Palm Groove,
Reversed Logic,Midnight Storm,
"GMS & Pixel, Jiri",Lazy Lazer,
Mad Tribe,Alien Sex Slave,
Volcano On Mars,World of Images (Outsiders rmx),
Save The Robot,Artificial Intelligence,
Materia,Darklines (Waio rmx),
Volcano & Sonic Species,Riding The Wave,
Mind Sense & Serenity Flux,The Beginning (Drukverdeler & DJ Bim rmx),
Mad Tribe,This Is Wonderful,
One Function & IKØN,The Spirit,
Antinomy,The Edge,
Sun (GR),Utopia,
Sam Alien,What Is Life,
Altered State,Genetics,
Xerox,Force Of Life,
Sam Alien,Return To Eden,
Disconect,Ascension,
Beyond,Science Of Time,
Disconect & Britti,Into the Light,
Inner Sphere,Science of Atmosphere,
Interium,Mother Earth,
Audiotec,Arrival (Album mix),
Volcano & Imagine Mars,Trigger Point,
Volcano & Space Cat,Nuclear Medicine,
Imaginarium,100 Billion Neurons (Fiction rmx),
Symbolic & Outsiders,High Hopes (Starlab rmx),
Ale Power,Fly Down,
Cosmic Tone & Freak Control,Dreams,
Symbolic,Sacred Space,
Domi Re,Serendipity (Egocentric Mix),
Freq,Strange Attractor (Volcano On Mars & Faders rmx),
Doppler,Isn't Real,
Inner Sphere,Velorum,
Solar Walker,Shapeshifter,
Asintyah,Invincible Universe,
Sonic Entity,Memento,
Out of Range,Knowledge of Time (Reborn Remix),
Ilai,Communication System,
Sonic Species,The Force,
Sam Alien,Pandora,
Disconect,Hypernova,
Osher,Sunrise Express,
Volcano,Get High,
Grynder,Sophia (Synthetic System rmx),
Magnus,Transcend (Altered State rmx),
Beyond,Dream,
Altered State,Multiverse,
Sonic Entity,Debris,
Protonica,Exoplanet (Kalki rmx),
Protonica,Reactor (One Function rmx),
Liquid Soul,Out of the Blue (One Function rmx),
Perfect Stranger,Bliss (Life Style rmx),
Silent Sphere,Fantasia,
Transpose,Lunar Phases,
Faders,Flying Objects (IKON rmx),
Antinomy,Pieces,
Mindbenderz,Another Galaxy (Hyriderz rmx),
Maitika and Strange Blotter,3 seconds,
Jakaan,Secret Societies,
Gipsy Soul & Artyficial,Like A Robot,
Bellatrix,Divinorum,
Mr Peculiar,Deep Magic,
Freqfield,In Control,
Lifeforms,Samsara,
Liftshift,Chacruna (Audiotec rmx),
Maitika & Starlab,Dissolve,
Soul Frequency,Hidden Miracle,
Kalki & IKØN,First Contact,
Liquid Soul & Neodyne,Believe (Bellatrix rmx),
Antinomy,Signs of Light,
Spectro Senses & WPW,Atmosphere,
Doppler,Essence,
Altered State,Infrared,
Trycerapt & Enablerz,Human Experiments (Ketale rmx),
Jakaan,Vibrations,
Protonica,Symmetry (Airi rmx),
Divination,Resonance (Inner Sphere rmx),
Ekahal,Multiverse,
Invisible Reality,Something for Your Mind,
Solar Walker & Shayanic,Changa,
Altered State,Freq Out,
Heisenberg & Raveheart,The Matrix of Matter,
Aladiah,Alignment,
Domi Re,The Rider,
Heisenberg & Raveheart,Ayahuasca,
Altered State,Refraction,
Zone Tempest,New World,
Mindbenderz,Jupiter,
Flegma,Chrysalis (Xandar rmx),
Silent Sphere,Supercomputer,
Solar Walker,Drop Out,
Aioaska & Tristate,Cyborgs,
One Function,Om,
Relativ & V-Society,Enigma,
Silent Sphere & Yestermorrow,Alien Technology (Driving Edit),
Hidden Space,Personal Sanctuary,
Vertical Mode,3Dimension,
Eliyahu & Serenity Flux,Human Complexity,
Mindbenderz,A New Dawn,
One Function,Born Again,
Serenity Flux,Out Of Gravity,
Future Frequency & Yestermorrow,Time Crystals,
Liftshift,Buhahahahaaaa,
Sons Of Shiva,Mandala Manoeuvres,
Ascent & Lydia,The Sands of Time,
Protonica,Sojuz (Aioaska rmx),
Vertical Mode & Outsiders,Physical Reality,
Silent Sphere,Titicaca,
Shyisma,Existence,
Vertical Mode,Alien Rock,
Formula None,Fixed Future,
IKØN,Adventure,
Zen Mechanics,Holy Cities (Ace Ventura rmx),
One Function,Cosmic Dancer (One Function rmx),
Zyce,Awakening Of The Slavic Spirits (Sonic Entity rmx),
Darma vs. Numb,Armada,
One Function & Atom Device,Paradise,
Gaudium & Easy Riders,High on Lucy,
Splash,Frozen,
E-Clip & Zyce,Flying Objects,
Sonic Entity,Assimilation,
Soundaholix,Wave Maker,
Nertum,Stargazing,
Roger Rabbit & Egorythmia,Spiritual Science (Manmachine rmx),
Ace Ventura & Zen Mechanics,Digital Beings (Symbolic rmx),
Liftshift & Divination,Inside You,
Ilai,Summoning Voices,
Ticon,Tripticon,
Reverse,Pure Reflexions,
Domi Re & Aquila,The Locals,
Lifeforms,Equinox,
Protonica,Codes (Zen Mechanics rmx),
Ticon,1987,
Shpongle & Gunslinger,Dreamcatcher (GMS rmx),
Phaxe,Street Lights,
Egorythmia & E-Clip,Highest Technology,
Ticon,Hops of Hades (Vini Vici rmx),
Cosma,The Time Has Come (Symbolic & Rocky rmx),
Osher,Miles & More,
FREq,Think of a Sound,
Protonica,Floating Point (Liquid Soul rmx),
Sideform,Angaraka,
Astrix & Deedrah,Gayatri,
Atmos,Soundglider (Yestermorrow Album rmx),
Zen Mechanics,Ground Control (Ectima rmx,
Juno Reactor,Zombie (GMS rmx),
EgoRythmia,Eternal (Meander rmx),
E-Clip,Streamline (StarLab rmx),
Easy Riders & Symbolic,Flashback (Astrix rmx),
Avalon & Flegma,Mystical Experience,
Hinap,Perceptions,
Sam Alien,Keep Calm,
Sam Alien,Among The Stars,
Sam Alien,Return To Eden (album version),
Jakaan,Artificial Language,
Sam Alien,what is life (album version),
Jakaan,Machines With Soul,
Aioaska & Gipsy Soul,Natural Response,
Doxa & Copycat,Bizzare Effects,
Psiger,Reptile Zoo,
Galactic Explorers,Transfiguration,
Akratas,Back From The World,
Djantrix,Judgment Day,
Hyriderz,Hope,
Psiger,Atlantis,
Cambium,Fractions Of Infinity,
Atacama,They Walk Among,
Djantrix vs Lunatica,Calling Your Future,
Aural Vision,Matter & Energy,
Inner Lux,Amnesya,
Electric Universe & Ace Ventura,Ancient Aum,
Hinap,Earth Formed,
Cambium & Spiritual Mode,Psychedelic Vortex,
Drukverdeler & DJ Bim,Mali,
Astrix,Acid Rocker (Antinomy rmx),
Sam Alien,Talking With God,
Orisma & Synthologic,The Secret,
Burn In Noise,Aiha,
Reverse,Perception,
Lunatica,Telluric Side,
Enigma,Supernova,
Tristan & Bartholomew,Sex N Drugs,
Volcano,Mushrooms,
GMS,Tweakers (Volcano & Sonic Species rmx),
Volcano & Imagine Mars,Story of Ganja,
Avalon & Dickster,Embrace Life (Imagine Mars & Cymatic rmx),
PRO-Gram,Inside Your Mind (Drukverdeler & DJ Bim rmx),
Alpha Portal,Creatures (Faders rmx),
Avalon,Another Dimension (Electric Universe rmx),
Hypnoise & Cambium,Externalities,
"Volcano On Mars, Xerox",The Invisibles (Spectra Sonics rmx),
Astrix,Tweaky (Volcano rmx),
Inner Lux,Divine Perception,
A-Tech,Mutants,
Shivatree and Manmachine,Shivamachine,
Volcano & Faders,Change the World,
1200 Micrograms,DMT (Volcano On Mars & Spacenoize rmx),
Hypnoise & Aktyum,Do you wanna Dance,
Fiction(RS),The Quantum Domain,
Transient Disorder & West Galaxy,Physical Universe,
Zeridium & Siloka,This One Is for Your Mom,
Ephemeris & Solitary Shell,Omen,
Ephemeris,Satellite Racer,
Micro Scan,Iiyaman,
MoRsei,Mother Earth,
NoFace,Liquid Snake,
Sonic Species,Zero (A-Tech rmx),
Eathspace & Labirinto,Technicolor Dreams (Middle Mode rmx),
Outsiders,Psychedelic (Laughing Buddha rmx),
Relativ & Hypnocoustics,Final Frontier,
Laughing Buddha,Shiva Sunrise (Djantrix rmx),
Talla 2XLC & Ronski Speed,Prey (Extended Mix),
Deep Vibration,Liquid Stations,
Ace Ventura & Intelabeam,Stimulator (Off Limits rmx),
Andy Jornee,Deep Analog Dream,
Cold Blue,Simplicity (Extended Mix),
James Dymond & James Freeman,Opus 1(Extended Mix),
IKØN,Higher Dimension,
Tiësto,Suburban Train (Jordan Suckley rmx),
Faders & Vertical Mode,Optical Illusion,
BiXX,Empowerment,
Eric Zimmer & Shawn Hunter & Hidden Tigress,Indelible (Sergey Lagutin Extended rmx),
Fisherman & Lachi,DNA (Roman Messer Extended Remix),
Alan Morris & Adrian Morton,A Piece Of Heaven (Extended Mix),
N-sKing & Norex & Adwell,From The Ashes (Extended Mix),
Joshua Bachmann,Suicide,
Loud,Yeah,
Nikolauss,Omi (Extended Mix),
Jordan Suckley,Medic (AudioFire rmx),
Stuntproject,Systematic Adventures,
Dennis Sheperd & Sunlounger,I Can Feel (Giuseppe Ottaviani Extended Remix),
ILAI,Chai and Psy,
Maratone & Kenn Jagd & Josie Sandfeld,Purple Sky (Steve Dekay Extended Remix),
GMS & Faders,Palolem,
Out Of Range,Love Experience,
Imaginarium & ManMachine,Environ,
Avalon,Higherwasca (Braincell rmx),
Lunatica,Perception In Fragments,
Galactic Explorers,Solar Blast,
Inner Lux,Spellbound,
Audiosonic & FNX,Turn On (Spectra Minds rmx),
Hypnoise & Inner Lux,Hypnotic Light Encounters,
Hypnoise,Vega Lyrian,
Avalon & Tristan & Killerwatts,We are Psychedelic (GMS rmx),
NoFace,Pandoras Box,
Xenoben,Quasar,
Mekkanikka,Summer Slam,
A-Tech & Yestermorrow,Seed Of Life,
Burn In Noise & Outside The Universe,God Intoxicated State,
Volcano,Processing Information,
Psiger,Space Travel,
Bellatrix,Great Beyond (Vlex rmx),
Psiger,Reincarnation,
Djantrix & Spirit Architect,Synthetic Memories,
Xerox & Volcano,SuperNova,
Relativ & Faders,Ground Zero,
Azax & Bliss,War On The Ground (Mystery Sense rmx),
MoRsei,Drop Out (West Galaxy rmx),
Psiger & Cosmic Sidekick,Aural Entropy,
NoFace,Revelations,
Djantrix,Guardian of Souls,
V Society,Agents of Liberation,
Inside Mind & Browkan,Become Human,
Zeridium,Valhalla,
Britti & Improvement,Another Dimensions,
Atacama & Jakaan,Dialogue of The Machines,
Gipsy Soul & Dual Vision,Radio Galaxy,
Uni & The Papuna & Dopamine,The Hunter Becomes the Hunted,
MoRsei,Transformation,
Braincell,Psychedelic Nightangle (Chronosphere rmx),
Evolution,Conscious State,
Killerwatts,We are Psychedelic (GMS rmx),
Morsei,Inner World,
Pogo & Lucas,The Missing Link (Volcano rmx),
Starlab  & Out Of Range,Alignment,
XoXo,Multi Pleasures (Synthologic rmx),
Volcano & Imagine Mars & Avalon,Molecules,
Main Ape,Life over Death (A Nut for a Jar of Tuna Mix),
XoXo (FR) & T.I.T,Morning Glory,
Artifex (IL),Secrets of the Universe,
StarLab & Spinal Fusion feat. Kamya,The Great Awakening (SpectraSonics rmx),
XoXo & T.I.T,Zenith,
"Avalon, Ajja",Vision Serpent (Burn In Noise rmx),
Bitkit,Tunnelvision (Spirit Architect rmx),
Cambium & Doxa,Equilibrium,
Burn in Noise,Planetwide,
Enigma,Fragments,
Transient Disorder & Spinal Fusion,Strange Lights,
Enigma,Network,
Artifex,Multiverse,
Enigma,Unknown,
Filteria & Tsuyoshi Suzuki,Time Slip (Dickster rmx),
Optimize,Datura,
Polaris,Endless Journey,
Syxtra,Level 13,
Hinap,Laniakea,
Avalon,Rise Up (Outsiders rmx),
Activating Evolution,Deep Water,
West Galaxy,Messenger,
Bamboo Forest,Choose Your World (Wave Funktion rmx),
Alienatic,Matrix,
Spirit Architect,Ayahuasca,
Spirit Architect,Next Destination (Album Mix),
Galactic Explorers,Phase of Expansion,
Volcano,Only Human,
Luminous,Saturated Perception (Rotor Mix),
Xerox & Outtribe,Soularity,
Waio & Sinerider,Alien Intel (The Alchemists rmx),
Avan7 & Becker,Lose Yourself,
Avalon & Burn In Noise,Time & Space (Spirit Architect rmx),
Protonix,Trancendental (Dad Mix),
Lyktum & Alurian,Zion,
X-Side,Neurogenesis,
Lexxus & Psiger,Artificial Gravity,
Imaginarium,Spirit of Ayahuasca (Artifex rmx),
Cambium & Zeridium,Rave Reactor,
Cambium,Shiva Shakti,
Spirit Architect & Djantrix,Spectro Granular,
Alienatic,Tachyon,
Hypnoise,Space Time Singularity (Inner Lux rmx),
Syxtra,Infinity Network,
GMS & Pixel & Jiri,Lazy Lazer,
Imaginarium,Intoxicated,
Avalon,Higherwasca,
Hinap,Primary Level (MoRsei & Karmalogic rmx),
Imaginarium,100 Billion Neurons (Hypnoise rmx),
Aioaska & Manalishi,Summoning the Ancestors,
Dominant Space,Mystical Experience,
Impact & Hyperflow,Collective (Reborn rmx),
Sam Alien,Anjuna,
Audiotec & Sinerider,Physics of consciousness,
Morganic,Psychedelic Adventures,
Mercuroid,Reflections,
Starlab (IN) & Ital,Sacred Medicine,
Side Effects,Passenger,
Complicated,Psychodance,
Hypnoise,Tamashek (Aktyum rmx),
Galactic Explorers,Echo From The Outer Space,
"Mind Lab, Argon Sphere",Hysteria (No Lemon No Melon Mix),
District Solaris,Spiritual Retreat,
Doxa & Spiritual mode,23h59,
Inside Mind,Beyond Matter,
Improvement,We Are the Universe,
Braincell,Psychedelic Nightingale (Chronosphere rmx),
Chronosphere & Hyperscript,Loosing My Mind,
Galactic Explorers vs Acid Sonic,Spirit Molecule,
Lexxus (DE),Mila,
V-Society,Agents Of Liberation,
Virtual Light vs Lunatica,Xanadu,
District Solaris,Starlight,
Cambium,Illusion,
Audiofire (uk) & Middle Mode,Night Vision,
Spade,Evolved (Overdrive Psy rmx),
"GMS, Mekkanikka, Stryker, Sonic Species",Party On (Album Mix),
One Function & Mindbenderz,Counterpoint,
Burn in Noise,Utopia,
Freak Control,Essence of Life,
Volcano,Strange Reality (Shivatree rmx),
Cosmic Tone,State Of The Art,
X-Side,Spiral Mind,
Solitary Shell,Orbital funk,
Reversed Logic,Hocus Pocus,
Lunatica,Oculture,
Shadow Chronicles,Jungle Rocket (Transient Disorder rmx),
S-Range,Space (XoXo FR rmx),
Makida & Lunatica & Hypatia,Mahadize,
Paradox vs X-Side,No gravity,
Waio & The Alchemists,The Sun,
Relativ vs Out Of Range,Hellraisers,
Morsei,Gaia,
Lexxus,Synchronicity,
WAIO,Alien Intel (The Alchemists rmx),
Spirit Architect,Ayahuasca (Doxa rmx),
Prime Time,Mars One,
Astral Projection feat. DJ Jorg,Kabalah (Shivatree rmx),
Faders,The Prophecy,
Djantrix,Transcription (Chronosphere rmx),
Aktyum,Monkey Island,
Shivatree,The Wake Up Call,
Rugrats & Siloka,Space Rangers,
Altered State,Cosmic Horizion,
Cosmic Tone,CPH4,
Altered State,Hallucinate,
Altered State,Ultraviolet,
Lexxus,Human Nature,
Synergies,Sacred Dance,
Altered State,Psychedelic Sunrise,
Outside The Universe,Other Dimension,
Antinomy & Genetrick,Invisible Waves,
BPM & Outside Range,Alcoholic,
Gipsy Soul,In Blast We Trust,
Disorder,Deranged Labyrinths of DNA,
Shivatree,Crystalight,
Imaginarium,Insider,
Sam Alien,Among The Stars (Intro Breaks Mix),
Flegma Vs Relativ,Inok,
Outsiders,Double Up,
Attik,Constellations,
Shirka,If You Could See The Rise,
Starlab,Abiogenesis,
Outsiders,Brainstorm (Spinal Fusion rmx),
Altered State,Fantasia,
Altered State,Euphoria,
Transient Disorder & Mono Sapiens,Universal Consciousness,
Noface,Empty Your Mind,
"Out Of Range, Spirit Architect",Space X,
Outsiders & Menog,Who Created You,
Lexxus,The Shadow,
DOXA (FR),Atacama,
Volcano,Rollercoaster,
Astrix,Disco Valley (Outsiders & Volcano rmx),
Lexxus & Goabel,Your Mind,
Avalon & Dickster,Embrace Life,
FNX & Skore,New Era,
Nukleall & Ingrained Instincts,Sophia,
Soniq Vision,Logical Structure,
Avalon & Laughing Buddha,Wake & Bake (Purple Shapes rmx),
MoRsei,Web of Life,
The Digital Blonde,Pleiadia (Alienatic rmx),
Paradigma & Mystery Sense,Life Beyond Earth,
Wrecked Machines,Music In U (Audio-X rmx),
MoRsei,Darkest Times,
Complicated,Evolving Universe,
The Commercial Hippies,Positronic,
The Commercial Hippies,Random Events,
Abat & Enablerz,Connections (Mekanic rmx),
One Function & Maitika,Principles Of Unity (Doppler rmx),
Astrix,Life System (Mad Tribe rmx),
Save The Robot,Freaks,
GMS & Dickster,Slice Of Life,
Life Extension,The Invaders,
Interium,Second Life,
Gipsy Soul,Circle Of Life,
Lyktum,Sacred Plants (ABAT & Space Travellers rmx),
Chromatone & Legohead,Weirduopoly,
Materia & Waio,No Pain,
Soniq Vision,Collective Memory,
Outsiders,Seeds Of Consciousness,
Outsiders & Raja Ram,Hilltop,
Will Atkinson,Autobahn (Volcano On Mars Extended rmx),
Escape,Illusion,
Burn in Noise VS Altruism,Boom,
Hinap,Primary Level,
Psychobass,Far Beyond Beliefs,
Outsiders & SpaceNoize,Outer Space,
Hypnoise & Lunatica,Trippy,
Exolon,Religious Symbolism,
Middle Mode,Weird Music,
Ilai,Re-World,
Megalight & X-Side,Source Of Power,
Amplify & Sensescape,Holographic Lifeforms,
Doxa,Cerebral Cortex,
Cymatic,Forms of Light,
Altered State & Xenoben,Perception,
Cylon,Connection To The Planet,
Shock Therapy,Psychedelic World,
Impulser & ZeniX,Fly,
Altered State & Xenoben,A State of Zen,
Avalon vs Mad Maxx,The Ritual (Shivatree rmx),
Conwerter & E-Mov,Defying Physics,
Cylon,Guess Who's Coming To Brunch,
Gipsy Soul And Pendulux,Gravity Force,
Cosmic Tone,Travel in Space (Deep Vibration rmx),
Xerox & Passenger,Science is God,
Neuroplasm & Escape,Ecliptic Shift,
Deep Vibration,Xenerations,
Deep Vibration,Circumstances,
Burn in Noise,Beyond Known Space (GMS rmx),
Reborn,Creatures In Space,
Inner State,Digital Reality,
Shogan,Beyond Skyline,
GMS & Space Tribe,Third Eye (Symbolic & Waio rmx),
One Function,Sacred Energy,
Cosmic Tone,Spark,
Modus,Sonder,
Mad Maxx vs CPU,Shiva on Acid,
Tiberion,Portal Transform,
Relativ & Makida,Storm (Shogan rmx),
Karmalogic,Circles Of Life,
Spectra Sonics & Dominant Space,The Fifth Dimension,
Mind Frequency & Onirus,Freedom,
Enablerz & Capcom,Frivolous,
Alpha Portal & Burn In Noise,Omnia,
Drukverdeler & DJ Bim,Into The Vortex,
Illumination & Xerox,Paranoia (Menog rmx),
Drukverdeler & DJ Bim,Mamma Afrika,
Starlab & Out Of Range,Alignment (Live Edit),
Neuroplasm & Sinerider,The Illusionist,
Echosphere & Life Extension,Cosmic Energy,
Deep Creation,Birds Of Paradise,
Refocus,Enlightenment,
Drukverdeler & DJ Bim,Talking Heads,
Invisible Reality & Side Effects,Dream & Reality,
Outside Range & Stereotactic,Game Over ),
Infinx,Spiritual Connection,
Freeze (IL) & SlapStick,Kick Or Treat,
Ovnimoon,Your Future Self,
Doppler (MX),Alignment,
Zen Mechanics & Egorythmia,Shores Of The Subconscious,
Atacama & Jakaan,Etro's Protector,
Norma Project,Human Psychedelic,
Kalki,The Sun God,
Symbolic,In Between,
Phoma,Beyond Zero and One,
Kalki,Whales,
One Function,Deeper Awareness (Doppler Shift rmx),
Liftshift,Tunnelvision,
Egorythmia & Yestermorrow,Spiritual Dimensions (Dual Resonance rmx),
Liquid Soul,Out of the Blue (Multiphase rmx),
E-Clip & Zen Mechanics,Sundowning,
Dual Vision & Maitika,Multiverse,
Bellatrix,Higher Dimensions,
One Function & Silent Sphere,Kaleidoscope,
SUN (GR),Aurora,
Ekahal,The Flying Dutchman,
Bellatrix & Solar Walker,Consciousness,
Bellatrix,Meditanationism,
Protoculture,Impala (Relativ & V-Society rmx),
Vertical Mode,Trust The Universe,
Alex M.O.R.P.H. & Liquid Soul,The Journey,
StarSeed,Digital Udgitha,
Timelock & Inner Sphere,Ascension,
Lifeforms,Mind Experience,
Sabretooth,Genetic Memory,
Serenity Flux & Ananda,Sunken City,
Euphorya,Strange Light,
Protonica,Gravity (Gaudium rmx),
Zen Mechanics vs Flegma & Nerso,Flux (Sideform rmx),
Psylocybins,Brain Control,
Inner Sphere,Night Shade,
Shyisma,Futura,
Agent Kritsek,7 Chakras,
Symbolic and Zen Mechanics,Psychological Effects (Vertical Mode rmx),
Yestermorrow,Cosmic Context,
Astral Projection,Dancing Galaxy (DigiCult rmx),
E-Clip,Streamline (Atomizers rmx),
Side Effects,Night Creatures (Helber Gun rmx),
Ace Ventura & Liquid Soul,Neurochemistry,
Martin Vice & Michael Banel,Swarm (Phaxe & Morten Granau rmx),
Ticon,In the Dirt (Liquid Soul rmx),
Vini Vici,Expender,
Yestermorrow,Quantum Hologram (Dual Vision rmx),
Norma Project,Mystic Source Of Melodies,
Spectro Senses,Sacred Geometry,
Norma Project & Ascent,Billions of Stars,
Egorythmia & Roger Rabbit,Speed of Light,
Ace Ventura & Symbolic,Prime Time,
Symbolic & Double Click,Mental Case,
Galactic Explorer,Universe Genesis,
Spectree & Chronica,Optimized,
MorSei,Visions For Despair,
Improvement,Imagination,
Sabretooth & Contineum,Megaphragma,
Spirit Architect,Pyramids (Abat rmx),
Zeridium & Mirok,Oni Killer,
Inner Lux,Encoded,
Inner Lux,Chemical Induced,
Blot,Make me Crazy,
